[{"model": "categories.category", "pk": 1, "fields": {"name": "foo_category", "slug": "foo_category", "intro": "<p>Lorem ipsum dolor sit amet, consectetur adipiscing elit. Etiam ut iaculis arcu, ac semper dolor. Aenean faucibus mi at tincidunt hendrerit. Praesent condimentum justo sed nibh fermentum auctor. Integer at tellus id nibh rutrum gravida. Suspendisse blandit at tortor a ultrices. Vivamus nisl ligula, gravida sit amet eros eget, fermentum pulvinar ligula. Morbi consequat eu purus et congue.</p>"}}, {"model": "categories.category", "pk": 2, "fields": {"name": "bar_category", "slug": "bar_category", "intro": "<p>Lorem ipsum dolor sit amet, consectetur adipiscing elit. Etiam ut iaculis arcu, ac semper dolor. Aenean faucibus mi at tincidunt hendrerit. Praesent condimentum justo sed nibh fermentum auctor. Integer at tellus id nibh rutrum gravida. Suspendisse blandit at tortor a ultrices. Vivamus nisl ligula, gravida sit amet eros eget, fermentum pulvinar ligula. Morbi consequat eu purus et congue.</p>"}}, {"model": "failed.failedindexpage", "pk": 4, "fields": {"intro": "<p>things gonna fail</p>"}}, {"model": "failed.failedpage", "pk": 5, "fields": {"quote": "\"hä\"", "fail": "[{\"type\": \"paragraph\", \"value\": \"<p>Lorem ipsum dolor sit amet, consectetur adipiscing elit. Etiam ut iaculis arcu, ac semper dolor. Aenean faucibus mi at tincidunt hendrerit. Praesent condimentum justo sed nibh fermentum auctor. Integer at tellus id nibh rutrum gravida. Suspendisse blandit at tortor a ultrices. Vivamus nisl ligula, gravida sit amet eros eget, fermentum pulvinar ligula. Morbi consequat eu purus et congue.</p><p>Donec commodo fringilla justo et viverra. Proin elementum turpis ut justo pharetra varius. Vivamus nec felis in dolor aliquam rhoncus et a est. Donec imperdiet justo erat, eu rutrum dolor ornare id. In auctor, diam vel cursus iaculis, nisi elit ultricies felis, non interdum odio ante ac augue. Nulla ut condimentum enim. Sed suscipit orci ex, a venenatis risus condimentum vel. Nunc auctor posuere sem, vel porta eros faucibus non. Fusce rutrum nisi ac consectetur vehicula. Cras ultricies sem suscipit nulla cursus, sed consectetur eros feugiat. Aliquam nulla felis, suscipit ut vehicula non, convallis id justo. Cras sodales suscipit vulputate. Aliquam erat volutpat. Duis pretium mauris at accumsan porttitor. Pellentesque mollis ante bibendum, semper odio vitae, tempor eros.</p><p>Orci varius natoque penatibus et magnis dis parturient montes, nascetur ridiculus mus. Donec finibus bibendum purus, non auctor tellus laoreet auctor. Aenean mollis nibh a interdum convallis. Maecenas pulvinar ultricies tempor. Nullam eget lectus sit amet turpis accumsan laoreet. Fusce tincidunt lacinia ex a dignissim. Curabitur dolor neque, molestie eu metus id, fringilla blandit dolor. Vivamus id nisl at diam iaculis aliquet eu eu velit. Nulla id lacus laoreet, posuere lorem vel, varius risus. Donec at mattis nisl, at consequat dolor. Nullam eget convallis elit. Praesent et magna id neque dignissim gravida quis non massa. Cras ac feugiat quam. Nulla porta aliquet commodo.</p>\", \"id\": \"c3153839-e559-4a93-aeea-f80653ca77ba\"}]", "lessons_learned": "<p>nix gelernt</p>", "categories": [1, 2]}}, {"model": "failed.failedpage", "pk": 6, "fields": {"quote": "\"nä\"", "fail": "[{\"type\": \"paragraph\", \"value\": \"<p>Lorem ipsum dolor sit amet, consectetur adipiscing elit. Etiam ut iaculis arcu, ac semper dolor. Aenean faucibus mi at tincidunt hendrerit. Praesent condimentum justo sed nibh fermentum auctor. Integer at tellus id nibh rutrum gravida. Suspendisse blandit at tortor a ultrices. Vivamus nisl ligula, gravida sit amet eros eget, fermentum pulvinar ligula. Morbi consequat eu purus et congue.</p><p>Donec commodo fringilla justo et viverra. Proin elementum turpis ut justo pharetra varius. Vivamus nec felis in dolor aliquam rhoncus et a est. Donec imperdiet justo erat, eu rutrum dolor ornare id. In auctor, diam vel cursus iaculis, nisi elit ultricies felis, non interdum odio ante ac augue. Nulla ut condimentum enim. Sed suscipit orci ex, a venenatis risus condimentum vel. Nunc auctor posuere sem, vel porta eros faucibus non. Fusce rutrum nisi ac consectetur vehicula. Cras ultricies sem suscipit nulla cursus, sed consectetur eros feugiat. Aliquam nulla felis, suscipit ut vehicula non, convallis id justo. Cras sodales suscipit vulputate. Aliquam erat volutpat. Duis pretium mauris at accumsan porttitor. Pellentesque mollis ante bibendum, semper odio vitae, tempor eros.</p><p>Orci varius natoque penatibus et magnis dis parturient montes, nascetur ridiculus mus. Donec finibus bibendum purus, non auctor tellus laoreet auctor. Aenean mollis nibh a interdum convallis. Maecenas pulvinar ultricies tempor. Nullam eget lectus sit amet turpis accumsan laoreet. Fusce tincidunt lacinia ex a dignissim. Curabitur dolor neque, molestie eu metus id, fringilla blandit dolor. Vivamus id nisl at diam iaculis aliquet eu eu velit. Nulla id lacus laoreet, posuere lorem vel, varius risus. Donec at mattis nisl, at consequat dolor. Nullam eget convallis elit. Praesent et magna id neque dignissim gravida quis non massa. Cras ac feugiat quam. Nulla porta aliquet commodo.</p>\", \"id\": \"29812906-f79e-4676-bca7-04cf9d101b41\"}]", "lessons_learned": "<p>wieder nix gelernt</p>", "categories": [2]}}, {"model": "home.homepage", "pk": 3, "fields": {}}, {"model": "wagtailsearch.query", "pk": 1, "fields": {"query_string": "foo"}}, {"model": "wagtailsearch.query", "pk": 2, "fields": {"query_string": "foobar"}}, {"model": "wagtailsearch.query", "pk": 3, "fields": {"query_string": "bar"}}, {"model": "wagtailsearch.query", "pk": 4, "fields": {"query_string": "lorem"}}, {"model": "wagtailsearch.querydailyhits", "pk": 1, "fields": {"query": 1, "date": "2021-01-16", "hits": 1}}, {"model": "wagtailsearch.querydailyhits", "pk": 2, "fields": {"query": 2, "date": "2021-01-16", "hits": 1}}, {"model": "wagtailsearch.querydailyhits", "pk": 3, "fields": {"query": 3, "date": "2021-01-16", "hits": 1}}, {"model": "wagtailsearch.querydailyhits", "pk": 4, "fields": {"query": 4, "date": "2021-01-16", "hits": 1}}, {"model": "wagtailcore.site", "pk": 2, "fields": {"hostname": "localhost", "port": 80, "site_name": "", "root_page": 3, "is_default_site": true}}, {"model": "wagtailcore.locale", "pk": 1, "fields": {"language_code": "de"}}, {"model": "wagtailcore.page", "pk": 1, "fields": {"path": "0001", "depth": 1, "numchild": 1, "translation_key": "e0675474-d7b9-4ec7-bb65-a3989c2867d5", "locale": 1, "title": "Root", "draft_title": "Root", "slug": "root", "content_type": 1, "live": true, "has_unpublished_changes": false, "url_path": "/", "owner": null, "seo_title": "", "show_in_menus": false, "search_description": "", "go_live_at": null, "expire_at": null, "expired": false, "locked": false, "locked_at": null, "locked_by": null, "first_published_at": null, "last_published_at": null, "latest_revision_created_at": null, "live_revision": null, "alias_of": null}}, {"model": "wagtailcore.page", "pk": 3, "fields": {"path": "00010001", "depth": 2, "numchild": 1, "translation_key": "e7913f7c-ba58-4b87-acd1-0a470ad0c2e7", "locale": 1, "title": "Home", "draft_title": "Home", "slug": "home", "content_type": 2, "live": true, "has_unpublished_changes": false, "url_path": "/home/", "owner": null, "seo_title": "", "show_in_menus": false, "search_description": "", "go_live_at": null, "expire_at": null, "expired": false, "locked": false, "locked_at": null, "locked_by": null, "first_published_at": null, "last_published_at": null, "latest_revision_created_at": null, "live_revision": null, "alias_of": null}}, {"model": "wagtailcore.page", "pk": 4, "fields": {"path": "000100010001", "depth": 3, "numchild": 2, "translation_key": "b530c7bc-e68f-46f8-9179-96e17c2080fe", "locale": 1, "title": "#failed", "draft_title": "#failed", "slug": "failed", "content_type": 8, "live": true, "has_unpublished_changes": false, "url_path": "/home/failed/", "owner": null, "seo_title": "", "show_in_menus": true, "search_description": "", "go_live_at": null, "expire_at": null, "expired": false, "locked": false, "locked_at": null, "locked_by": null, "first_published_at": "2021-01-16T16:31:02.941Z", "last_published_at": "2021-01-16T17:32:41.535Z", "latest_revision_created_at": "2021-01-16T17:32:41.470Z", "live_revision": 6, "alias_of": null}}, {"model": "wagtailcore.page", "pk": 5, "fields": {"path": "0001000100010001", "depth": 4, "numchild": 0, "translation_key": "5a75e3fc-1b1c-480c-9249-3e5827fc3656", "locale": 1, "title": "foo_fail", "draft_title": "foo_fail", "slug": "foo", "content_type": 9, "live": true, "has_unpublished_changes": false, "url_path": "/home/failed/foo/", "owner": null, "seo_title": "", "show_in_menus": false, "search_description": "", "go_live_at": null, "expire_at": null, "expired": false, "locked": false, "locked_at": null, "locked_by": null, "first_published_at": "2021-01-16T16:49:20.447Z", "last_published_at": "2021-01-16T17:33:41.103Z", "latest_revision_created_at": "2021-01-16T17:33:41.008Z", "live_revision": 8, "alias_of": null}}, {"model": "wagtailcore.page", "pk": 6, "fields": {"path": "0001000100010002", "depth": 4, "numchild": 0, "translation_key": "8337ae14-f8e9-4215-aeed-0af4122c0cd5", "locale": 1, "title": "bar_fail", "draft_title": "bar_fail", "slug": "bar", "content_type": 9, "live": true, "has_unpublished_changes": false, "url_path": "/home/failed/bar/", "owner": null, "seo_title": "", "show_in_menus": false, "search_description": "", "go_live_at": null, "expire_at": null, "expired": false, "locked": false, "locked_at": null, "locked_by": null, "first_published_at": "2021-01-16T16:50:42.164Z", "last_published_at": "2021-01-16T17:33:19.902Z", "latest_revision_created_at": "2021-01-16T17:33:19.828Z", "live_revision": 7, "alias_of": null}}, {"model": "wagtailcore.pagerevision", "pk": 1, "fields": {"page": 4, "submitted_for_moderation": false, "created_at": "2021-01-16T16:31:02.893Z", "user": null, "content_json": "{\"pk\": 4, \"path\": \"000100010001\", \"depth\": 3, \"numchild\": 0, \"translation_key\": \"b530c7bc-e68f-46f8-9179-96e17c2080fe\", \"locale\": 1, \"title\": \"#failed\", \"draft_title\": \"#failed\", \"slug\": \"failed\", \"content_type\": 8, \"live\": true, \"has_unpublished_changes\": false, \"url_path\": \"/home/failed/\", \"owner\": 1, \"seo_title\": \"\", \"show_in_menus\": false, \"search_description\": \"\", \"go_live_at\": null, \"expire_at\": null, \"expired\": false, \"locked\": false, \"locked_at\": null, \"locked_by\": null, \"first_published_at\": null, \"last_published_at\": null, \"latest_revision_created_at\": null, \"live_revision\": null, \"alias_of\": null, \"intro\": \"<p>what geht kaputt</p>\"}", "approved_go_live_at": null}}, {"model": "wagtailcore.pagerevision", "pk": 2, "fields": {"page": 4, "submitted_for_moderation": false, "created_at": "2021-01-16T16:31:40.725Z", "user": null, "content_json": "{\"pk\": 4, \"path\": \"000100010001\", \"depth\": 3, \"numchild\": 0, \"translation_key\": \"b530c7bc-e68f-46f8-9179-96e17c2080fe\", \"locale\": 1, \"title\": \"#failed\", \"draft_title\": \"#failed\", \"slug\": \"failed\", \"content_type\": 8, \"live\": true, \"has_unpublished_changes\": false, \"url_path\": \"/home/failed/\", \"owner\": 1, \"seo_title\": \"\", \"show_in_menus\": true, \"search_description\": \"\", \"go_live_at\": null, \"expire_at\": null, \"expired\": false, \"locked\": false, \"locked_at\": null, \"locked_by\": null, \"first_published_at\": \"2021-01-16T16:31:02.941Z\", \"last_published_at\": \"2021-01-16T16:31:02.941Z\", \"latest_revision_created_at\": \"2021-01-16T16:31:02.893Z\", \"live_revision\": 1, \"alias_of\": null, \"intro\": \"<p>what geht kaputt</p>\"}", "approved_go_live_at": null}}, {"model": "wagtailcore.pagerevision", "pk": 3, "fields": {"page": 5, "submitted_for_moderation": false, "created_at": "2021-01-16T16:48:51.988Z", "user": null, "content_json": "{\"pk\": 5, \"path\": \"0001000100010001\", \"depth\": 4, \"numchild\": 0, \"translation_key\": \"5a75e3fc-1b1c-480c-9249-3e5827fc3656\", \"locale\": 1, \"title\": \"foo\", \"draft_title\": \"foo\", \"slug\": \"foo\", \"content_type\": 9, \"live\": false, \"has_unpublished_changes\": false, \"url_path\": \"/home/failed/foo/\", \"owner\": 1, \"seo_title\": \"\", \"show_in_menus\": false, \"search_description\": \"\", \"go_live_at\": null, \"expire_at\": null, \"expired\": false, \"locked\": false, \"locked_at\": null, \"locked_by\": null, \"first_published_at\": null, \"last_published_at\": null, \"latest_revision_created_at\": null, \"live_revision\": null, \"alias_of\": null, \"quote\": \"\\\"h\\u00e4\\\"\", \"fail\": \"[{\\\"type\\\": \\\"paragraph\\\", \\\"value\\\": \\\"<p>Lorem ipsum dolor sit amet, consectetur adipiscing elit. Etiam ut iaculis arcu, ac semper dolor. Aenean faucibus mi at tincidunt hendrerit. Praesent condimentum justo sed nibh fermentum auctor. Integer at tellus id nibh rutrum gravida. Suspendisse blandit at tortor a ultrices. Vivamus nisl ligula, gravida sit amet eros eget, fermentum pulvinar ligula. Morbi consequat eu purus et congue.</p><p>Donec commodo fringilla justo et viverra. Proin elementum turpis ut justo pharetra varius. Vivamus nec felis in dolor aliquam rhoncus et a est. Donec imperdiet justo erat, eu rutrum dolor ornare id. In auctor, diam vel cursus iaculis, nisi elit ultricies felis, non interdum odio ante ac augue. Nulla ut condimentum enim. Sed suscipit orci ex, a venenatis risus condimentum vel. Nunc auctor posuere sem, vel porta eros faucibus non. Fusce rutrum nisi ac consectetur vehicula. Cras ultricies sem suscipit nulla cursus, sed consectetur eros feugiat. Aliquam nulla felis, suscipit ut vehicula non, convallis id justo. Cras sodales suscipit vulputate. Aliquam erat volutpat. Duis pretium mauris at accumsan porttitor. Pellentesque mollis ante bibendum, semper odio vitae, tempor eros.</p><p>Orci varius natoque penatibus et magnis dis parturient montes, nascetur ridiculus mus. Donec finibus bibendum purus, non auctor tellus laoreet auctor. Aenean mollis nibh a interdum convallis. Maecenas pulvinar ultricies tempor. Nullam eget lectus sit amet turpis accumsan laoreet. Fusce tincidunt lacinia ex a dignissim. Curabitur dolor neque, molestie eu metus id, fringilla blandit dolor. Vivamus id nisl at diam iaculis aliquet eu eu velit. Nulla id lacus laoreet, posuere lorem vel, varius risus. Donec at mattis nisl, at consequat dolor. Nullam eget convallis elit. Praesent et magna id neque dignissim gravida quis non massa. Cras ac feugiat quam. Nulla porta aliquet commodo.</p>\\\", \\\"id\\\": \\\"c3153839-e559-4a93-aeea-f80653ca77ba\\\"}]\", \"lessons_learned\": \"<p>lessons learned</p>\", \"categories\": [1, 2]}", "approved_go_live_at": null}}, {"model": "wagtailcore.pagerevision", "pk": 4, "fields": {"page": 5, "submitted_for_moderation": false, "created_at": "2021-01-16T16:49:20.365Z", "user": null, "content_json": "{\"pk\": 5, \"path\": \"0001000100010001\", \"depth\": 4, \"numchild\": 0, \"translation_key\": \"5a75e3fc-1b1c-480c-9249-3e5827fc3656\", \"locale\": 1, \"title\": \"foo\", \"draft_title\": \"foo\", \"slug\": \"foo\", \"content_type\": 9, \"live\": false, \"has_unpublished_changes\": true, \"url_path\": \"/home/failed/foo/\", \"owner\": 1, \"seo_title\": \"\", \"show_in_menus\": false, \"search_description\": \"\", \"go_live_at\": null, \"expire_at\": null, \"expired\": false, \"locked\": false, \"locked_at\": null, \"locked_by\": null, \"first_published_at\": null, \"last_published_at\": null, \"latest_revision_created_at\": \"2021-01-16T16:48:51.988Z\", \"live_revision\": null, \"alias_of\": null, \"quote\": \"\\\"h\\u00e4\\\"\", \"fail\": \"[{\\\"type\\\": \\\"paragraph\\\", \\\"value\\\": \\\"<p>Lorem ipsum dolor sit amet, consectetur adipiscing elit. Etiam ut iaculis arcu, ac semper dolor. Aenean faucibus mi at tincidunt hendrerit. Praesent condimentum justo sed nibh fermentum auctor. Integer at tellus id nibh rutrum gravida. Suspendisse blandit at tortor a ultrices. Vivamus nisl ligula, gravida sit amet eros eget, fermentum pulvinar ligula. Morbi consequat eu purus et congue.</p><p>Donec commodo fringilla justo et viverra. Proin elementum turpis ut justo pharetra varius. Vivamus nec felis in dolor aliquam rhoncus et a est. Donec imperdiet justo erat, eu rutrum dolor ornare id. In auctor, diam vel cursus iaculis, nisi elit ultricies felis, non interdum odio ante ac augue. Nulla ut condimentum enim. Sed suscipit orci ex, a venenatis risus condimentum vel. Nunc auctor posuere sem, vel porta eros faucibus non. Fusce rutrum nisi ac consectetur vehicula. Cras ultricies sem suscipit nulla cursus, sed consectetur eros feugiat. Aliquam nulla felis, suscipit ut vehicula non, convallis id justo. Cras sodales suscipit vulputate. Aliquam erat volutpat. Duis pretium mauris at accumsan porttitor. Pellentesque mollis ante bibendum, semper odio vitae, tempor eros.</p><p>Orci varius natoque penatibus et magnis dis parturient montes, nascetur ridiculus mus. Donec finibus bibendum purus, non auctor tellus laoreet auctor. Aenean mollis nibh a interdum convallis. Maecenas pulvinar ultricies tempor. Nullam eget lectus sit amet turpis accumsan laoreet. Fusce tincidunt lacinia ex a dignissim. Curabitur dolor neque, molestie eu metus id, fringilla blandit dolor. Vivamus id nisl at diam iaculis aliquet eu eu velit. Nulla id lacus laoreet, posuere lorem vel, varius risus. Donec at mattis nisl, at consequat dolor. Nullam eget convallis elit. Praesent et magna id neque dignissim gravida quis non massa. Cras ac feugiat quam. Nulla porta aliquet commodo.</p>\\\", \\\"id\\\": \\\"c3153839-e559-4a93-aeea-f80653ca77ba\\\"}]\", \"lessons_learned\": \"<p>lessons learned</p>\", \"categories\": [1, 2]}", "approved_go_live_at": null}}, {"model": "wagtailcore.pagerevision", "pk": 5, "fields": {"page": 6, "submitted_for_moderation": false, "created_at": "2021-01-16T16:50:42.116Z", "user": null, "content_json": "{\"pk\": 6, \"path\": \"0001000100010002\", \"depth\": 4, \"numchild\": 0, \"translation_key\": \"8337ae14-f8e9-4215-aeed-0af4122c0cd5\", \"locale\": 1, \"title\": \"bar\", \"draft_title\": \"bar\", \"slug\": \"bar\", \"content_type\": 9, \"live\": true, \"has_unpublished_changes\": false, \"url_path\": \"/home/failed/bar/\", \"owner\": 1, \"seo_title\": \"\", \"show_in_menus\": false, \"search_description\": \"\", \"go_live_at\": null, \"expire_at\": null, \"expired\": false, \"locked\": false, \"locked_at\": null, \"locked_by\": null, \"first_published_at\": null, \"last_published_at\": null, \"latest_revision_created_at\": null, \"live_revision\": null, \"alias_of\": null, \"quote\": \"\\\"n\\u00e4\\\"\", \"fail\": \"[{\\\"type\\\": \\\"paragraph\\\", \\\"value\\\": \\\"<p>Lorem ipsum dolor sit amet, consectetur adipiscing elit. Etiam ut iaculis arcu, ac semper dolor. Aenean faucibus mi at tincidunt hendrerit. Praesent condimentum justo sed nibh fermentum auctor. Integer at tellus id nibh rutrum gravida. Suspendisse blandit at tortor a ultrices. Vivamus nisl ligula, gravida sit amet eros eget, fermentum pulvinar ligula. Morbi consequat eu purus et congue.</p><p>Donec commodo fringilla justo et viverra. Proin elementum turpis ut justo pharetra varius. Vivamus nec felis in dolor aliquam rhoncus et a est. Donec imperdiet justo erat, eu rutrum dolor ornare id. In auctor, diam vel cursus iaculis, nisi elit ultricies felis, non interdum odio ante ac augue. Nulla ut condimentum enim. Sed suscipit orci ex, a venenatis risus condimentum vel. Nunc auctor posuere sem, vel porta eros faucibus non. Fusce rutrum nisi ac consectetur vehicula. Cras ultricies sem suscipit nulla cursus, sed consectetur eros feugiat. Aliquam nulla felis, suscipit ut vehicula non, convallis id justo. Cras sodales suscipit vulputate. Aliquam erat volutpat. Duis pretium mauris at accumsan porttitor. Pellentesque mollis ante bibendum, semper odio vitae, tempor eros.</p><p>Orci varius natoque penatibus et magnis dis parturient montes, nascetur ridiculus mus. Donec finibus bibendum purus, non auctor tellus laoreet auctor. Aenean mollis nibh a interdum convallis. Maecenas pulvinar ultricies tempor. Nullam eget lectus sit amet turpis accumsan laoreet. Fusce tincidunt lacinia ex a dignissim. Curabitur dolor neque, molestie eu metus id, fringilla blandit dolor. Vivamus id nisl at diam iaculis aliquet eu eu velit. Nulla id lacus laoreet, posuere lorem vel, varius risus. Donec at mattis nisl, at consequat dolor. Nullam eget convallis elit. Praesent et magna id neque dignissim gravida quis non massa. Cras ac feugiat quam. Nulla porta aliquet commodo.</p>\\\", \\\"id\\\": \\\"29812906-f79e-4676-bca7-04cf9d101b41\\\"}]\", \"lessons_learned\": \"<p>wieder nix gelernt</p>\", \"categories\": [3]}", "approved_go_live_at": null}}, {"model": "wagtailcore.pagerevision", "pk": 6, "fields": {"page": 4, "submitted_for_moderation": false, "created_at": "2021-01-16T17:32:41.470Z", "user": null, "content_json": "{\"pk\": 4, \"path\": \"000100010001\", \"depth\": 3, \"numchild\": 2, \"translation_key\": \"b530c7bc-e68f-46f8-9179-96e17c2080fe\", \"locale\": 1, \"title\": \"#failed\", \"draft_title\": \"#failed\", \"slug\": \"failed\", \"content_type\": 8, \"live\": true, \"has_unpublished_changes\": false, \"url_path\": \"/home/failed/\", \"owner\": 1, \"seo_title\": \"\", \"show_in_menus\": true, \"search_description\": \"\", \"go_live_at\": null, \"expire_at\": null, \"expired\": false, \"locked\": false, \"locked_at\": null, \"locked_by\": null, \"first_published_at\": \"2021-01-16T16:31:02.941Z\", \"last_published_at\": \"2021-01-16T16:31:40.820Z\", \"latest_revision_created_at\": \"2021-01-16T16:31:40.725Z\", \"live_revision\": 2, \"alias_of\": null, \"intro\": \"<p>things gonna fail</p>\"}", "approved_go_live_at": null}}, {"model": "wagtailcore.pagerevision", "pk": 7, "fields": {"page": 6, "submitted_for_moderation": false, "created_at": "2021-01-16T17:33:19.828Z", "user": null, "content_json": "{\"pk\": 6, \"path\": \"0001000100010002\", \"depth\": 4, \"numchild\": 0, \"translation_key\": \"8337ae14-f8e9-4215-aeed-0af4122c0cd5\", \"locale\": 1, \"title\": \"bar_fail\", \"draft_title\": \"bar\", \"slug\": \"bar\", \"content_type\": 9, \"live\": true, \"has_unpublished_changes\": false, \"url_path\": \"/home/failed/bar/\", \"owner\": 1, \"seo_title\": \"\", \"show_in_menus\": false, \"search_description\": \"\", \"go_live_at\": null, \"expire_at\": null, \"expired\": false, \"locked\": false, \"locked_at\": null, \"locked_by\": null, \"first_published_at\": \"2021-01-16T16:50:42.164Z\", \"last_published_at\": \"2021-01-16T16:50:42.164Z\", \"latest_revision_created_at\": \"2021-01-16T16:50:42.116Z\", \"live_revision\": 5, \"alias_of\": null, \"quote\": \"\\\"n\\u00e4\\\"\", \"fail\": \"[{\\\"type\\\": \\\"paragraph\\\", \\\"value\\\": \\\"<p>Lorem ipsum dolor sit amet, consectetur adipiscing elit. Etiam ut iaculis arcu, ac semper dolor. Aenean faucibus mi at tincidunt hendrerit. Praesent condimentum justo sed nibh fermentum auctor. Integer at tellus id nibh rutrum gravida. Suspendisse blandit at tortor a ultrices. Vivamus nisl ligula, gravida sit amet eros eget, fermentum pulvinar ligula. Morbi consequat eu purus et congue.</p><p>Donec commodo fringilla justo et viverra. Proin elementum turpis ut justo pharetra varius. Vivamus nec felis in dolor aliquam rhoncus et a est. Donec imperdiet justo erat, eu rutrum dolor ornare id. In auctor, diam vel cursus iaculis, nisi elit ultricies felis, non interdum odio ante ac augue. Nulla ut condimentum enim. Sed suscipit orci ex, a venenatis risus condimentum vel. Nunc auctor posuere sem, vel porta eros faucibus non. Fusce rutrum nisi ac consectetur vehicula. Cras ultricies sem suscipit nulla cursus, sed consectetur eros feugiat. Aliquam nulla felis, suscipit ut vehicula non, convallis id justo. Cras sodales suscipit vulputate. Aliquam erat volutpat. Duis pretium mauris at accumsan porttitor. Pellentesque mollis ante bibendum, semper odio vitae, tempor eros.</p><p>Orci varius natoque penatibus et magnis dis parturient montes, nascetur ridiculus mus. Donec finibus bibendum purus, non auctor tellus laoreet auctor. Aenean mollis nibh a interdum convallis. Maecenas pulvinar ultricies tempor. Nullam eget lectus sit amet turpis accumsan laoreet. Fusce tincidunt lacinia ex a dignissim. Curabitur dolor neque, molestie eu metus id, fringilla blandit dolor. Vivamus id nisl at diam iaculis aliquet eu eu velit. Nulla id lacus laoreet, posuere lorem vel, varius risus. Donec at mattis nisl, at consequat dolor. Nullam eget convallis elit. Praesent et magna id neque dignissim gravida quis non massa. Cras ac feugiat quam. Nulla porta aliquet commodo.</p>\\\", \\\"id\\\": \\\"29812906-f79e-4676-bca7-04cf9d101b41\\\"}]\", \"lessons_learned\": \"<p>wieder nix gelernt</p>\", \"categories\": [2]}", "approved_go_live_at": null}}, {"model": "wagtailcore.pagerevision", "pk": 8, "fields": {"page": 5, "submitted_for_moderation": false, "created_at": "2021-01-16T17:33:41.008Z", "user": null, "content_json": "{\"pk\": 5, \"path\": \"0001000100010001\", \"depth\": 4, \"numchild\": 0, \"translation_key\": \"5a75e3fc-1b1c-480c-9249-3e5827fc3656\", \"locale\": 1, \"title\": \"foo_fail\", \"draft_title\": \"foo\", \"slug\": \"foo\", \"content_type\": 9, \"live\": true, \"has_unpublished_changes\": false, \"url_path\": \"/home/failed/foo/\", \"owner\": 1, \"seo_title\": \"\", \"show_in_menus\": false, \"search_description\": \"\", \"go_live_at\": null, \"expire_at\": null, \"expired\": false, \"locked\": false, \"locked_at\": null, \"locked_by\": null, \"first_published_at\": \"2021-01-16T16:49:20.447Z\", \"last_published_at\": \"2021-01-16T16:49:20.447Z\", \"latest_revision_created_at\": \"2021-01-16T16:49:20.365Z\", \"live_revision\": 4, \"alias_of\": null, \"quote\": \"\\\"h\\u00e4\\\"\", \"fail\": \"[{\\\"type\\\": \\\"paragraph\\\", \\\"value\\\": \\\"<p>Lorem ipsum dolor sit amet, consectetur adipiscing elit. Etiam ut iaculis arcu, ac semper dolor. Aenean faucibus mi at tincidunt hendrerit. Praesent condimentum justo sed nibh fermentum auctor. Integer at tellus id nibh rutrum gravida. Suspendisse blandit at tortor a ultrices. Vivamus nisl ligula, gravida sit amet eros eget, fermentum pulvinar ligula. Morbi consequat eu purus et congue.</p><p>Donec commodo fringilla justo et viverra. Proin elementum turpis ut justo pharetra varius. Vivamus nec felis in dolor aliquam rhoncus et a est. Donec imperdiet justo erat, eu rutrum dolor ornare id. In auctor, diam vel cursus iaculis, nisi elit ultricies felis, non interdum odio ante ac augue. Nulla ut condimentum enim. Sed suscipit orci ex, a venenatis risus condimentum vel. Nunc auctor posuere sem, vel porta eros faucibus non. Fusce rutrum nisi ac consectetur vehicula. Cras ultricies sem suscipit nulla cursus, sed consectetur eros feugiat. Aliquam nulla felis, suscipit ut vehicula non, convallis id justo. Cras sodales suscipit vulputate. Aliquam erat volutpat. Duis pretium mauris at accumsan porttitor. Pellentesque mollis ante bibendum, semper odio vitae, tempor eros.</p><p>Orci varius natoque penatibus et magnis dis parturient montes, nascetur ridiculus mus. Donec finibus bibendum purus, non auctor tellus laoreet auctor. Aenean mollis nibh a interdum convallis. Maecenas pulvinar ultricies tempor. Nullam eget lectus sit amet turpis accumsan laoreet. Fusce tincidunt lacinia ex a dignissim. Curabitur dolor neque, molestie eu metus id, fringilla blandit dolor. Vivamus id nisl at diam iaculis aliquet eu eu velit. Nulla id lacus laoreet, posuere lorem vel, varius risus. Donec at mattis nisl, at consequat dolor. Nullam eget convallis elit. Praesent et magna id neque dignissim gravida quis non massa. Cras ac feugiat quam. Nulla porta aliquet commodo.</p>\\\", \\\"id\\\": \\\"c3153839-e559-4a93-aeea-f80653ca77ba\\\"}]\", \"lessons_learned\": \"<p>nix gelernt</p>\", \"categories\": [1, 2]}", "approved_go_live_at": null}}, {"model": "wagtailcore.grouppagepermission", "pk": 1, "fields": {"group": 1, "page": 1, "permission_type": "add"}}, {"model": "wagtailcore.grouppagepermission", "pk": 2, "fields": {"group": 1, "page": 1, "permission_type": "edit"}}, {"model": "wagtailcore.grouppagepermission", "pk": 3, "fields": {"group": 1, "page": 1, "permission_type": "publish"}}, {"model": "wagtailcore.grouppagepermission", "pk": 4, "fields": {"group": 2, "page": 1, "permission_type": "add"}}, {"model": "wagtailcore.grouppagepermission", "pk": 5, "fields": {"group": 2, "page": 1, "permission_type": "edit"}}, {"model": "wagtailcore.grouppagepermission", "pk": 6, "fields": {"group": 1, "page": 1, "permission_type": "lock"}}, {"model": "wagtailcore.grouppagepermission", "pk": 7, "fields": {"group": 1, "page": 1, "permission_type": "unlock"}}, {"model": "wagtailcore.collection", "pk": 1, "fields": {"path": "0001", "depth": 1, "numchild": 0, "name": "Root"}}, {"model": "wagtailcore.groupcollectionpermission", "pk": 1, "fields": {"group": 2, "collection": 1, "permission": 2}}, {"model": "wagtailcore.groupcollectionpermission", "pk": 2, "fields": {"group": 1, "collection": 1, "permission": 2}}, {"model": "wagtailcore.groupcollectionpermission", "pk": 3, "fields": {"group": 2, "collection": 1, "permission": 3}}, {"model": "wagtailcore.groupcollectionpermission", "pk": 4, "fields": {"group": 1, "collection": 1, "permission": 3}}, {"model": "wagtailcore.groupcollectionpermission", "pk": 5, "fields": {"group": 2, "collection": 1, "permission": 5}}, {"model": "wagtailcore.groupcollectionpermission", "pk": 6, "fields": {"group": 1, "collection": 1, "permission": 5}}, {"model": "wagtailcore.groupcollectionpermission", "pk": 7, "fields": {"group": 2, "collection": 1, "permission": 6}}, {"model": "wagtailcore.groupcollectionpermission", "pk": 8, "fields": {"group": 1, "collection": 1, "permission": 6}}, {"model": "wagtailcore.workflowpage", "pk": 1, "fields": {"workflow": 1}}, {"model": "wagtailcore.workflowtask", "pk": 1, "fields": {"sort_order": 0, "workflow": 1, "task": 1}}, {"model": "wagtailcore.task", "pk": 1, "fields": {"name": "Moderators approval", "content_type": 4, "active": true}}, {"model": "wagtailcore.workflow", "pk": 1, "fields": {"name": "Moderators approval", "active": true}}, {"model": "wagtailcore.groupapprovaltask", "pk": 1, "fields": {"groups": [1]}}, {"model": "wagtailcore.pagelogentry", "pk": 1, "fields": {"content_type": 8, "label": "#failed", "action": "wagtail.create", "data_json": "\"\"", "timestamp": "2021-01-16T16:31:02.854Z", "user": 1, "content_changed": true, "deleted": false, "page": 4, "revision": null}}, {"model": "wagtailcore.pagelogentry", "pk": 2, "fields": {"content_type": 8, "label": "#failed", "action": "wagtail.publish", "data_json": "null", "timestamp": "2021-01-16T16:31:02.994Z", "user": 1, "content_changed": true, "deleted": false, "page": 4, "revision": 1}}, {"model": "wagtailcore.pagelogentry", "pk": 3, "fields": {"content_type": 8, "label": "#failed", "action": "wagtail.edit", "data_json": "\"\"", "timestamp": "2021-01-16T16:31:40.782Z", "user": 1, "content_changed": true, "deleted": false, "page": 4, "revision": 2}}, {"model": "wagtailcore.pagelogentry", "pk": 4, "fields": {"content_type": 8, "label": "#failed", "action": "wagtail.publish", "data_json": "null", "timestamp": "2021-01-16T16:31:40.870Z", "user": 1, "content_changed": true, "deleted": false, "page": 4, "revision": 2}}, {"model": "wagtailcore.pagelogentry", "pk": 5, "fields": {"content_type": 9, "label": "foo", "action": "wagtail.create", "data_json": "\"\"", "timestamp": "2021-01-16T16:48:51.947Z", "user": 1, "content_changed": true, "deleted": false, "page": 5, "revision": null}}, {"model": "wagtailcore.pagelogentry", "pk": 6, "fields": {"content_type": 9, "label": "foo", "action": "wagtail.edit", "data_json": "\"\"", "timestamp": "2021-01-16T16:49:20.396Z", "user": 1, "content_changed": true, "deleted": false, "page": 5, "revision": 4}}, {"model": "wagtailcore.pagelogentry", "pk": 7, "fields": {"content_type": 9, "label": "foo", "action": "wagtail.publish", "data_json": "null", "timestamp": "2021-01-16T16:49:20.504Z", "user": 1, "content_changed": false, "deleted": false, "page": 5, "revision": 4}}, {"model": "wagtailcore.pagelogentry", "pk": 8, "fields": {"content_type": 9, "label": "bar", "action": "wagtail.create", "data_json": "\"\"", "timestamp": "2021-01-16T16:50:42.083Z", "user": 1, "content_changed": true, "deleted": false, "page": 6, "revision": null}}, {"model": "wagtailcore.pagelogentry", "pk": 9, "fields": {"content_type": 9, "label": "bar", "action": "wagtail.publish", "data_json": "null", "timestamp": "2021-01-16T16:50:42.216Z", "user": 1, "content_changed": true, "deleted": false, "page": 6, "revision": 5}}, {"model": "wagtailcore.pagelogentry", "pk": 10, "fields": {"content_type": 8, "label": "#failed", "action": "wagtail.edit", "data_json": "\"\"", "timestamp": "2021-01-16T17:32:41.498Z", "user": 1, "content_changed": true, "deleted": false, "page": 4, "revision": 6}}, {"model": "wagtailcore.pagelogentry", "pk": 11, "fields": {"content_type": 8, "label": "#failed", "action": "wagtail.publish", "data_json": "null", "timestamp": "2021-01-16T17:32:41.586Z", "user": 1, "content_changed": true, "deleted": false, "page": 4, "revision": 6}}, {"model": "wagtailcore.pagelogentry", "pk": 12, "fields": {"content_type": 9, "label": "bar_fail", "action": "wagtail.edit", "data_json": "\"\"", "timestamp": "2021-01-16T17:33:19.862Z", "user": 1, "content_changed": true, "deleted": false, "page": 6, "revision": 7}}, {"model": "wagtailcore.pagelogentry", "pk": 13, "fields": {"content_type": 9, "label": "bar_fail", "action": "wagtail.rename", "data_json": "{\"title\": {\"old\": \"bar\", \"new\": \"bar_fail\"}}", "timestamp": "2021-01-16T17:33:19.959Z", "user": 1, "content_changed": false, "deleted": false, "page": 6, "revision": 7}}, {"model": "wagtailcore.pagelogentry", "pk": 14, "fields": {"content_type": 9, "label": "bar_fail", "action": "wagtail.publish", "data_json": "{\"title\": {\"old\": \"bar\", \"new\": \"bar_fail\"}}", "timestamp": "2021-01-16T17:33:19.971Z", "user": 1, "content_changed": true, "deleted": false, "page": 6, "revision": 7}}, {"model": "wagtailcore.pagelogentry", "pk": 15, "fields": {"content_type": 9, "label": "foo_fail", "action": "wagtail.edit", "data_json": "\"\"", "timestamp": "2021-01-16T17:33:41.039Z", "user": 1, "content_changed": true, "deleted": false, "page": 5, "revision": 8}}, {"model": "wagtailcore.pagelogentry", "pk": 16, "fields": {"content_type": 9, "label": "foo_fail", "action": "wagtail.rename", "data_json": "{\"title\": {\"old\": \"foo\", \"new\": \"foo_fail\"}}", "timestamp": "2021-01-16T17:33:41.157Z", "user": 1, "content_changed": false, "deleted": false, "page": 5, "revision": 8}}, {"model": "wagtailcore.pagelogentry", "pk": 17, "fields": {"content_type": 9, "label": "foo_fail", "action": "wagtail.publish", "data_json": "{\"title\": {\"old\": \"foo\", \"new\": \"foo_fail\"}}", "timestamp": "2021-01-16T17:33:41.170Z", "user": 1, "content_changed": true, "deleted": false, "page": 5, "revision": 8}}, {"model": "admin.logentry", "pk": 1, "fields": {"action_time": "2021-01-23T22:58:14.309Z", "user": 2, "content_type": 40, "object_id": "1", "object_repr": "stefan", "action_flag": 3, "change_message": ""}}, {"model": "auth.permission", "pk": 1, "fields": {"name": "Can access Wagtail admin", "content_type": 3, "codename": "access_admin"}}, {"model": "auth.permission", "pk": 2, "fields": {"name": "Can add document", "content_type": 5, "codename": "add_document"}}, {"model": "auth.permission", "pk": 3, "fields": {"name": "Can change document", "content_type": 5, "codename": "change_document"}}, {"model": "auth.permission", "pk": 4, "fields": {"name": "Can delete document", "content_type": 5, "codename": "delete_document"}}, {"model": "auth.permission", "pk": 5, "fields": {"name": "Can add image", "content_type": 6, "codename": "add_image"}}, {"model": "auth.permission", "pk": 6, "fields": {"name": "Can change image", "content_type": 6, "codename": "change_image"}}, {"model": "auth.permission", "pk": 7, "fields": {"name": "Can delete image", "content_type": 6, "codename": "delete_image"}}, {"model": "auth.permission", "pk": 8, "fields": {"name": "Can add category", "content_type": 7, "codename": "add_category"}}, {"model": "auth.permission", "pk": 9, "fields": {"name": "Can change category", "content_type": 7, "codename": "change_category"}}, {"model": "auth.permission", "pk": 10, "fields": {"name": "Can delete category", "content_type": 7, "codename": "delete_category"}}, {"model": "auth.permission", "pk": 11, "fields": {"name": "Can view category", "content_type": 7, "codename": "view_category"}}, {"model": "auth.permission", "pk": 12, "fields": {"name": "Can add failed index page", "content_type": 8, "codename": "add_failedindexpage"}}, {"model": "auth.permission", "pk": 13, "fields": {"name": "Can change failed index page", "content_type": 8, "codename": "change_failedindexpage"}}, {"model": "auth.permission", "pk": 14, "fields": {"name": "Can delete failed index page", "content_type": 8, "codename": "delete_failedindexpage"}}, {"model": "auth.permission", "pk": 15, "fields": {"name": "Can view failed index page", "content_type": 8, "codename": "view_failedindexpage"}}, {"model": "auth.permission", "pk": 16, "fields": {"name": "Can add failed page", "content_type": 9, "codename": "add_failedpage"}}, {"model": "auth.permission", "pk": 17, "fields": {"name": "Can change failed page", "content_type": 9, "codename": "change_failedpage"}}, {"model": "auth.permission", "pk": 18, "fields": {"name": "Can delete failed page", "content_type": 9, "codename": "delete_failedpage"}}, {"model": "auth.permission", "pk": 19, "fields": {"name": "Can view failed page", "content_type": 9, "codename": "view_failedpage"}}, {"model": "auth.permission", "pk": 20, "fields": {"name": "Can add home page", "content_type": 2, "codename": "add_homepage"}}, {"model": "auth.permission", "pk": 21, "fields": {"name": "Can change home page", "content_type": 2, "codename": "change_homepage"}}, {"model": "auth.permission", "pk": 22, "fields": {"name": "Can delete home page", "content_type": 2, "codename": "delete_homepage"}}, {"model": "auth.permission", "pk": 23, "fields": {"name": "Can view home page", "content_type": 2, "codename": "view_homepage"}}, {"model": "auth.permission", "pk": 24, "fields": {"name": "Can add how to index page", "content_type": 10, "codename": "add_howtoindexpage"}}, {"model": "auth.permission", "pk": 25, "fields": {"name": "Can change how to index page", "content_type": 10, "codename": "change_howtoindexpage"}}, {"model": "auth.permission", "pk": 26, "fields": {"name": "Can delete how to index page", "content_type": 10, "codename": "delete_howtoindexpage"}}, {"model": "auth.permission", "pk": 27, "fields": {"name": "Can view how to index page", "content_type": 10, "codename": "view_howtoindexpage"}}, {"model": "auth.permission", "pk": 28, "fields": {"name": "Can add how to page", "content_type": 11, "codename": "add_howtopage"}}, {"model": "auth.permission", "pk": 29, "fields": {"name": "Can change how to page", "content_type": 11, "codename": "change_howtopage"}}, {"model": "auth.permission", "pk": 30, "fields": {"name": "Can delete how to page", "content_type": 11, "codename": "delete_howtopage"}}, {"model": "auth.permission", "pk": 31, "fields": {"name": "Can view how to page", "content_type": 11, "codename": "view_howtopage"}}, {"model": "auth.permission", "pk": 32, "fields": {"name": "Can add form submission", "content_type": 12, "codename": "add_formsubmission"}}, {"model": "auth.permission", "pk": 33, "fields": {"name": "Can change form submission", "content_type": 12, "codename": "change_formsubmission"}}, {"model": "auth.permission", "pk": 34, "fields": {"name": "Can delete form submission", "content_type": 12, "codename": "delete_formsubmission"}}, {"model": "auth.permission", "pk": 35, "fields": {"name": "Can view form submission", "content_type": 12, "codename": "view_formsubmission"}}, {"model": "auth.permission", "pk": 36, "fields": {"name": "Can add redirect", "content_type": 13, "codename": "add_redirect"}}, {"model": "auth.permission", "pk": 37, "fields": {"name": "Can change redirect", "content_type": 13, "codename": "change_redirect"}}, {"model": "auth.permission", "pk": 38, "fields": {"name": "Can delete redirect", "content_type": 13, "codename": "delete_redirect"}}, {"model": "auth.permission", "pk": 39, "fields": {"name": "Can view redirect", "content_type": 13, "codename": "view_redirect"}}, {"model": "auth.permission", "pk": 40, "fields": {"name": "Can add embed", "content_type": 14, "codename": "add_embed"}}, {"model": "auth.permission", "pk": 41, "fields": {"name": "Can change embed", "content_type": 14, "codename": "change_embed"}}, {"model": "auth.permission", "pk": 42, "fields": {"name": "Can delete embed", "content_type": 14, "codename": "delete_embed"}}, {"model": "auth.permission", "pk": 43, "fields": {"name": "Can view embed", "content_type": 14, "codename": "view_embed"}}, {"model": "auth.permission", "pk": 44, "fields": {"name": "Can add user profile", "content_type": 15, "codename": "add_userprofile"}}, {"model": "auth.permission", "pk": 45, "fields": {"name": "Can change user profile", "content_type": 15, "codename": "change_userprofile"}}, {"model": "auth.permission", "pk": 46, "fields": {"name": "Can delete user profile", "content_type": 15, "codename": "delete_userprofile"}}, {"model": "auth.permission", "pk": 47, "fields": {"name": "Can view user profile", "content_type": 15, "codename": "view_userprofile"}}, {"model": "auth.permission", "pk": 48, "fields": {"name": "Can view document", "content_type": 5, "codename": "view_document"}}, {"model": "auth.permission", "pk": 49, "fields": {"name": "Can view image", "content_type": 6, "codename": "view_image"}}, {"model": "auth.permission", "pk": 50, "fields": {"name": "Can add rendition", "content_type": 16, "codename": "add_rendition"}}, {"model": "auth.permission", "pk": 51, "fields": {"name": "Can change rendition", "content_type": 16, "codename": "change_rendition"}}, {"model": "auth.permission", "pk": 52, "fields": {"name": "Can delete rendition", "content_type": 16, "codename": "delete_rendition"}}, {"model": "auth.permission", "pk": 53, "fields": {"name": "Can view rendition", "content_type": 16, "codename": "view_rendition"}}, {"model": "auth.permission", "pk": 54, "fields": {"name": "Can add uploaded image", "content_type": 17, "codename": "add_uploadedimage"}}, {"model": "auth.permission", "pk": 55, "fields": {"name": "Can change uploaded image", "content_type": 17, "codename": "change_uploadedimage"}}, {"model": "auth.permission", "pk": 56, "fields": {"name": "Can delete uploaded image", "content_type": 17, "codename": "delete_uploadedimage"}}, {"model": "auth.permission", "pk": 57, "fields": {"name": "Can view uploaded image", "content_type": 17, "codename": "view_uploadedimage"}}, {"model": "auth.permission", "pk": 58, "fields": {"name": "Can add query", "content_type": 18, "codename": "add_query"}}, {"model": "auth.permission", "pk": 59, "fields": {"name": "Can change query", "content_type": 18, "codename": "change_query"}}, {"model": "auth.permission", "pk": 60, "fields": {"name": "Can delete query", "content_type": 18, "codename": "delete_query"}}, {"model": "auth.permission", "pk": 61, "fields": {"name": "Can view query", "content_type": 18, "codename": "view_query"}}, {"model": "auth.permission", "pk": 62, "fields": {"name": "Can add Query Daily Hits", "content_type": 19, "codename": "add_querydailyhits"}}, {"model": "auth.permission", "pk": 63, "fields": {"name": "Can change Query Daily Hits", "content_type": 19, "codename": "change_querydailyhits"}}, {"model": "auth.permission", "pk": 64, "fields": {"name": "Can delete Query Daily Hits", "content_type": 19, "codename": "delete_querydailyhits"}}, {"model": "auth.permission", "pk": 65, "fields": {"name": "Can view Query Daily Hits", "content_type": 19, "codename": "view_querydailyhits"}}, {"model": "auth.permission", "pk": 66, "fields": {"name": "Can add page", "content_type": 1, "codename": "add_page"}}, {"model": "auth.permission", "pk": 67, "fields": {"name": "Can change page", "content_type": 1, "codename": "change_page"}}, {"model": "auth.permission", "pk": 68, "fields": {"name": "Can delete page", "content_type": 1, "codename": "delete_page"}}, {"model": "auth.permission", "pk": 69, "fields": {"name": "Can view page", "content_type": 1, "codename": "view_page"}}, {"model": "auth.permission", "pk": 70, "fields": {"name": "Can add group page permission", "content_type": 20, "codename": "add_grouppagepermission"}}, {"model": "auth.permission", "pk": 71, "fields": {"name": "Can change group page permission", "content_type": 20, "codename": "change_grouppagepermission"}}, {"model": "auth.permission", "pk": 72, "fields": {"name": "Can delete group page permission", "content_type": 20, "codename": "delete_grouppagepermission"}}, {"model": "auth.permission", "pk": 73, "fields": {"name": "Can view group page permission", "content_type": 20, "codename": "view_grouppagepermission"}}, {"model": "auth.permission", "pk": 74, "fields": {"name": "Can add page revision", "content_type": 21, "codename": "add_pagerevision"}}, {"model": "auth.permission", "pk": 75, "fields": {"name": "Can change page revision", "content_type": 21, "codename": "change_pagerevision"}}, {"model": "auth.permission", "pk": 76, "fields": {"name": "Can delete page revision", "content_type": 21, "codename": "delete_pagerevision"}}, {"model": "auth.permission", "pk": 77, "fields": {"name": "Can view page revision", "content_type": 21, "codename": "view_pagerevision"}}, {"model": "auth.permission", "pk": 78, "fields": {"name": "Can add page view restriction", "content_type": 22, "codename": "add_pageviewrestriction"}}, {"model": "auth.permission", "pk": 79, "fields": {"name": "Can change page view restriction", "content_type": 22, "codename": "change_pageviewrestriction"}}, {"model": "auth.permission", "pk": 80, "fields": {"name": "Can delete page view restriction", "content_type": 22, "codename": "delete_pageviewrestriction"}}, {"model": "auth.permission", "pk": 81, "fields": {"name": "Can view page view restriction", "content_type": 22, "codename": "view_pageviewrestriction"}}, {"model": "auth.permission", "pk": 82, "fields": {"name": "Can add site", "content_type": 23, "codename": "add_site"}}, {"model": "auth.permission", "pk": 83, "fields": {"name": "Can change site", "content_type": 23, "codename": "change_site"}}, {"model": "auth.permission", "pk": 84, "fields": {"name": "Can delete site", "content_type": 23, "codename": "delete_site"}}, {"model": "auth.permission", "pk": 85, "fields": {"name": "Can view site", "content_type": 23, "codename": "view_site"}}, {"model": "auth.permission", "pk": 86, "fields": {"name": "Can add collection", "content_type": 24, "codename": "add_collection"}}, {"model": "auth.permission", "pk": 87, "fields": {"name": "Can change collection", "content_type": 24, "codename": "change_collection"}}, {"model": "auth.permission", "pk": 88, "fields": {"name": "Can delete collection", "content_type": 24, "codename": "delete_collection"}}, {"model": "auth.permission", "pk": 89, "fields": {"name": "Can view collection", "content_type": 24, "codename": "view_collection"}}, {"model": "auth.permission", "pk": 90, "fields": {"name": "Can add group collection permission", "content_type": 25, "codename": "add_groupcollectionpermission"}}, {"model": "auth.permission", "pk": 91, "fields": {"name": "Can change group collection permission", "content_type": 25, "codename": "change_groupcollectionpermission"}}, {"model": "auth.permission", "pk": 92, "fields": {"name": "Can delete group collection permission", "content_type": 25, "codename": "delete_groupcollectionpermission"}}, {"model": "auth.permission", "pk": 93, "fields": {"name": "Can view group collection permission", "content_type": 25, "codename": "view_groupcollectionpermission"}}, {"model": "auth.permission", "pk": 94, "fields": {"name": "Can add collection view restriction", "content_type": 26, "codename": "add_collectionviewrestriction"}}, {"model": "auth.permission", "pk": 95, "fields": {"name": "Can change collection view restriction", "content_type": 26, "codename": "change_collectionviewrestriction"}}, {"model": "auth.permission", "pk": 96, "fields": {"name": "Can delete collection view restriction", "content_type": 26, "codename": "delete_collectionviewrestriction"}}, {"model": "auth.permission", "pk": 97, "fields": {"name": "Can view collection view restriction", "content_type": 26, "codename": "view_collectionviewrestriction"}}, {"model": "auth.permission", "pk": 98, "fields": {"name": "Can add task", "content_type": 27, "codename": "add_task"}}, {"model": "auth.permission", "pk": 99, "fields": {"name": "Can change task", "content_type": 27, "codename": "change_task"}}, {"model": "auth.permission", "pk": 100, "fields": {"name": "Can delete task", "content_type": 27, "codename": "delete_task"}}, {"model": "auth.permission", "pk": 101, "fields": {"name": "Can view task", "content_type": 27, "codename": "view_task"}}, {"model": "auth.permission", "pk": 102, "fields": {"name": "Can add Task state", "content_type": 28, "codename": "add_taskstate"}}, {"model": "auth.permission", "pk": 103, "fields": {"name": "Can change Task state", "content_type": 28, "codename": "change_taskstate"}}, {"model": "auth.permission", "pk": 104, "fields": {"name": "Can delete Task state", "content_type": 28, "codename": "delete_taskstate"}}, {"model": "auth.permission", "pk": 105, "fields": {"name": "Can view Task state", "content_type": 28, "codename": "view_taskstate"}}, {"model": "auth.permission", "pk": 106, "fields": {"name": "Can add workflow", "content_type": 29, "codename": "add_workflow"}}, {"model": "auth.permission", "pk": 107, "fields": {"name": "Can change workflow", "content_type": 29, "codename": "change_workflow"}}, {"model": "auth.permission", "pk": 108, "fields": {"name": "Can delete workflow", "content_type": 29, "codename": "delete_workflow"}}, {"model": "auth.permission", "pk": 109, "fields": {"name": "Can view workflow", "content_type": 29, "codename": "view_workflow"}}, {"model": "auth.permission", "pk": 110, "fields": {"name": "Can add Group approval task", "content_type": 4, "codename": "add_groupapprovaltask"}}, {"model": "auth.permission", "pk": 111, "fields": {"name": "Can change Group approval task", "content_type": 4, "codename": "change_groupapprovaltask"}}, {"model": "auth.permission", "pk": 112, "fields": {"name": "Can delete Group approval task", "content_type": 4, "codename": "delete_groupapprovaltask"}}, {"model": "auth.permission", "pk": 113, "fields": {"name": "Can view Group approval task", "content_type": 4, "codename": "view_groupapprovaltask"}}, {"model": "auth.permission", "pk": 114, "fields": {"name": "Can add Workflow state", "content_type": 30, "codename": "add_workflowstate"}}, {"model": "auth.permission", "pk": 115, "fields": {"name": "Can change Workflow state", "content_type": 30, "codename": "change_workflowstate"}}, {"model": "auth.permission", "pk": 116, "fields": {"name": "Can delete Workflow state", "content_type": 30, "codename": "delete_workflowstate"}}, {"model": "auth.permission", "pk": 117, "fields": {"name": "Can view Workflow state", "content_type": 30, "codename": "view_workflowstate"}}, {"model": "auth.permission", "pk": 118, "fields": {"name": "Can add workflow page", "content_type": 31, "codename": "add_workflowpage"}}, {"model": "auth.permission", "pk": 119, "fields": {"name": "Can change workflow page", "content_type": 31, "codename": "change_workflowpage"}}, {"model": "auth.permission", "pk": 120, "fields": {"name": "Can delete workflow page", "content_type": 31, "codename": "delete_workflowpage"}}, {"model": "auth.permission", "pk": 121, "fields": {"name": "Can view workflow page", "content_type": 31, "codename": "view_workflowpage"}}, {"model": "auth.permission", "pk": 122, "fields": {"name": "Can add workflow task order", "content_type": 32, "codename": "add_workflowtask"}}, {"model": "auth.permission", "pk": 123, "fields": {"name": "Can change workflow task order", "content_type": 32, "codename": "change_workflowtask"}}, {"model": "auth.permission", "pk": 124, "fields": {"name": "Can delete workflow task order", "content_type": 32, "codename": "delete_workflowtask"}}, {"model": "auth.permission", "pk": 125, "fields": {"name": "Can view workflow task order", "content_type": 32, "codename": "view_workflowtask"}}, {"model": "auth.permission", "pk": 126, "fields": {"name": "Can add page log entry", "content_type": 33, "codename": "add_pagelogentry"}}, {"model": "auth.permission", "pk": 127, "fields": {"name": "Can change page log entry", "content_type": 33, "codename": "change_pagelogentry"}}, {"model": "auth.permission", "pk": 128, "fields": {"name": "Can delete page log entry", "content_type": 33, "codename": "delete_pagelogentry"}}, {"model": "auth.permission", "pk": 129, "fields": {"name": "Can view page log entry", "content_type": 33, "codename": "view_pagelogentry"}}, {"model": "auth.permission", "pk": 130, "fields": {"name": "Can add locale", "content_type": 34, "codename": "add_locale"}}, {"model": "auth.permission", "pk": 131, "fields": {"name": "Can change locale", "content_type": 34, "codename": "change_locale"}}, {"model": "auth.permission", "pk": 132, "fields": {"name": "Can delete locale", "content_type": 34, "codename": "delete_locale"}}, {"model": "auth.permission", "pk": 133, "fields": {"name": "Can view locale", "content_type": 34, "codename": "view_locale"}}, {"model": "auth.permission", "pk": 134, "fields": {"name": "Can add tag", "content_type": 35, "codename": "add_tag"}}, {"model": "auth.permission", "pk": 135, "fields": {"name": "Can change tag", "content_type": 35, "codename": "change_tag"}}, {"model": "auth.permission", "pk": 136, "fields": {"name": "Can delete tag", "content_type": 35, "codename": "delete_tag"}}, {"model": "auth.permission", "pk": 137, "fields": {"name": "Can view tag", "content_type": 35, "codename": "view_tag"}}, {"model": "auth.permission", "pk": 138, "fields": {"name": "Can add tagged item", "content_type": 36, "codename": "add_taggeditem"}}, {"model": "auth.permission", "pk": 139, "fields": {"name": "Can change tagged item", "content_type": 36, "codename": "change_taggeditem"}}, {"model": "auth.permission", "pk": 140, "fields": {"name": "Can delete tagged item", "content_type": 36, "codename": "delete_taggeditem"}}, {"model": "auth.permission", "pk": 141, "fields": {"name": "Can view tagged item", "content_type": 36, "codename": "view_taggeditem"}}, {"model": "auth.permission", "pk": 142, "fields": {"name": "Can add log entry", "content_type": 37, "codename": "add_logentry"}}, {"model": "auth.permission", "pk": 143, "fields": {"name": "Can change log entry", "content_type": 37, "codename": "change_logentry"}}, {"model": "auth.permission", "pk": 144, "fields": {"name": "Can delete log entry", "content_type": 37, "codename": "delete_logentry"}}, {"model": "auth.permission", "pk": 145, "fields": {"name": "Can view log entry", "content_type": 37, "codename": "view_logentry"}}, {"model": "auth.permission", "pk": 146, "fields": {"name": "Can add permission", "content_type": 38, "codename": "add_permission"}}, {"model": "auth.permission", "pk": 147, "fields": {"name": "Can change permission", "content_type": 38, "codename": "change_permission"}}, {"model": "auth.permission", "pk": 148, "fields": {"name": "Can delete permission", "content_type": 38, "codename": "delete_permission"}}, {"model": "auth.permission", "pk": 149, "fields": {"name": "Can view permission", "content_type": 38, "codename": "view_permission"}}, {"model": "auth.permission", "pk": 150, "fields": {"name": "Can add group", "content_type": 39, "codename": "add_group"}}, {"model": "auth.permission", "pk": 151, "fields": {"name": "Can change group", "content_type": 39, "codename": "change_group"}}, {"model": "auth.permission", "pk": 152, "fields": {"name": "Can delete group", "content_type": 39, "codename": "delete_group"}}, {"model": "auth.permission", "pk": 153, "fields": {"name": "Can view group", "content_type": 39, "codename": "view_group"}}, {"model": "auth.permission", "pk": 154, "fields": {"name": "Can add user", "content_type": 40, "codename": "add_user"}}, {"model": "auth.permission", "pk": 155, "fields": {"name": "Can change user", "content_type": 40, "codename": "change_user"}}, {"model": "auth.permission", "pk": 156, "fields": {"name": "Can delete user", "content_type": 40, "codename": "delete_user"}}, {"model": "auth.permission", "pk": 157, "fields": {"name": "Can view user", "content_type": 40, "codename": "view_user"}}, {"model": "auth.permission", "pk": 158, "fields": {"name": "Can add content type", "content_type": 41, "codename": "add_contenttype"}}, {"model": "auth.permission", "pk": 159, "fields": {"name": "Can change content type", "content_type": 41, "codename": "change_contenttype"}}, {"model": "auth.permission", "pk": 160, "fields": {"name": "Can delete content type", "content_type": 41, "codename": "delete_contenttype"}}, {"model": "auth.permission", "pk": 161, "fields": {"name": "Can view content type", "content_type": 41, "codename": "view_contenttype"}}, {"model": "auth.permission", "pk": 162, "fields": {"name": "Can add session", "content_type": 42, "codename": "add_session"}}, {"model": "auth.permission", "pk": 163, "fields": {"name": "Can change session", "content_type": 42, "codename": "change_session"}}, {"model": "auth.permission", "pk": 164, "fields": {"name": "Can delete session", "content_type": 42, "codename": "delete_session"}}, {"model": "auth.permission", "pk": 165, "fields": {"name": "Can view session", "content_type": 42, "codename": "view_session"}}, {"model": "auth.group", "pk": 1, "fields": {"name": "Moderators", "permissions": [1, 2, 3, 4, 5, 6, 7]}}, {"model": "auth.group", "pk": 2, "fields": {"name": "Editors", "permissions": [1, 2, 3, 4, 5, 6, 7]}}, {"model": "auth.user", "pk": 2, "fields": {"password": "pbkdf2_sha256$216000$m9HpjNYlDEFC$jIhtQeGrt+hgootaCMsMjPUoB1P2fQ2/HUnhmt9QGyg=", "last_login": "2021-01-23T22:57:58.732Z", "is_superuser": true, "username": "test", "first_name": "", "last_name": "", "email": "test@example.com", "is_staff": true, "is_active": true, "date_joined": "2021-01-23T22:56:53.405Z", "groups": [], "user_permissions": []}}, {"model": "contenttypes.contenttype", "pk": 1, "fields": {"app_label": "wagtailcore", "model": "page"}}, {"model": "contenttypes.contenttype", "pk": 2, "fields": {"app_label": "home", "model": "homepage"}}, {"model": "contenttypes.contenttype", "pk": 3, "fields": {"app_label": "wagtailadmin", "model": "admin"}}, {"model": "contenttypes.contenttype", "pk": 4, "fields": {"app_label": "wagtailcore", "model": "groupapprovaltask"}}, {"model": "contenttypes.contenttype", "pk": 5, "fields": {"app_label": "wagtaildocs", "model": "document"}}, {"model": "contenttypes.contenttype", "pk": 6, "fields": {"app_label": "wagtailimages", "model": "image"}}, {"model": "contenttypes.contenttype", "pk": 7, "fields": {"app_label": "categories", "model": "category"}}, {"model": "contenttypes.contenttype", "pk": 8, "fields": {"app_label": "failed", "model": "failedindexpage"}}, {"model": "contenttypes.contenttype", "pk": 9, "fields": {"app_label": "failed", "model": "failedpage"}}, {"model": "contenttypes.contenttype", "pk": 10, "fields": {"app_label": "howto", "model": "howtoindexpage"}}, {"model": "contenttypes.contenttype", "pk": 11, "fields": {"app_label": "howto", "model": "howtopage"}}, {"model": "contenttypes.contenttype", "pk": 12, "fields": {"app_label": "wagtailforms", "model": "formsubmission"}}, {"model": "contenttypes.contenttype", "pk": 13, "fields": {"app_label": "wagtailredirects", "model": "redirect"}}, {"model": "contenttypes.contenttype", "pk": 14, "fields": {"app_label": "wagtailembeds", "model": "embed"}}, {"model": "contenttypes.contenttype", "pk": 15, "fields": {"app_label": "wagtailusers", "model": "userprofile"}}, {"model": "contenttypes.contenttype", "pk": 16, "fields": {"app_label": "wagtailimages", "model": "rendition"}}, {"model": "contenttypes.contenttype", "pk": 17, "fields": {"app_label": "wagtailimages", "model": "uploadedimage"}}, {"model": "contenttypes.contenttype", "pk": 18, "fields": {"app_label": "wagtailsearch", "model": "query"}}, {"model": "contenttypes.contenttype", "pk": 19, "fields": {"app_label": "wagtailsearch", "model": "querydailyhits"}}, {"model": "contenttypes.contenttype", "pk": 20, "fields": {"app_label": "wagtailcore", "model": "grouppagepermission"}}, {"model": "contenttypes.contenttype", "pk": 21, "fields": {"app_label": "wagtailcore", "model": "pagerevision"}}, {"model": "contenttypes.contenttype", "pk": 22, "fields": {"app_label": "wagtailcore", "model": "pageviewrestriction"}}, {"model": "contenttypes.contenttype", "pk": 23, "fields": {"app_label": "wagtailcore", "model": "site"}}, {"model": "contenttypes.contenttype", "pk": 24, "fields": {"app_label": "wagtailcore", "model": "collection"}}, {"model": "contenttypes.contenttype", "pk": 25, "fields": {"app_label": "wagtailcore", "model": "groupcollectionpermission"}}, {"model": "contenttypes.contenttype", "pk": 26, "fields": {"app_label": "wagtailcore", "model": "collectionviewrestriction"}}, {"model": "contenttypes.contenttype", "pk": 27, "fields": {"app_label": "wagtailcore", "model": "task"}}, {"model": "contenttypes.contenttype", "pk": 28, "fields": {"app_label": "wagtailcore", "model": "taskstate"}}, {"model": "contenttypes.contenttype", "pk": 29, "fields": {"app_label": "wagtailcore", "model": "workflow"}}, {"model": "contenttypes.contenttype", "pk": 30, "fields": {"app_label": "wagtailcore", "model": "workflowstate"}}, {"model": "contenttypes.contenttype", "pk": 31, "fields": {"app_label": "wagtailcore", "model": "workflowpage"}}, {"model": "contenttypes.contenttype", "pk": 32, "fields": {"app_label": "wagtailcore", "model": "workflowtask"}}, {"model": "contenttypes.contenttype", "pk": 33, "fields": {"app_label": "wagtailcore", "model": "pagelogentry"}}, {"model": "contenttypes.contenttype", "pk": 34, "fields": {"app_label": "wagtailcore", "model": "locale"}}, {"model": "contenttypes.contenttype", "pk": 35, "fields": {"app_label": "taggit", "model": "tag"}}, {"model": "contenttypes.contenttype", "pk": 36, "fields": {"app_label": "taggit", "model": "taggeditem"}}, {"model": "contenttypes.contenttype", "pk": 37, "fields": {"app_label": "admin", "model": "logentry"}}, {"model": "contenttypes.contenttype", "pk": 38, "fields": {"app_label": "auth", "model": "permission"}}, {"model": "contenttypes.contenttype", "pk": 39, "fields": {"app_label": "auth", "model": "group"}}, {"model": "contenttypes.contenttype", "pk": 40, "fields": {"app_label": "auth", "model": "user"}}, {"model": "contenttypes.contenttype", "pk": 41, "fields": {"app_label": "contenttypes", "model": "contenttype"}}, {"model": "contenttypes.contenttype", "pk": 42, "fields": {"app_label": "sessions", "model": "session"}}, {"model": "sessions.session", "pk": "toekzzk8k0r5rqmszr6esww01t99hu6y", "fields": {"session_data": ".eJzVVmlvGzcQ_S8G7C9MBN2yA-iDY6cHUNc5mhhFUQiz3JHEmLvc8JBtFP3vfTxWktsU6McGEAQuj5nhzHtv-MfJioLfroJju1L1yauT0cmL47mK5D23caH-TO3GDKRpvVXVIG4ZlFU3uDE169dl7zMDW3JbnJ5LHs3H5_VCVtPxesEX9XS6llMpZ_Mxhgua05hpuJiM17OKhxO6qEZrKRfjIY-nlaxg9IE2npR-2VneKX54efLqtxPp7LpRda35gSx7A__LN5fvPl7OvuN3Hxe3v7z9_vaOzvnpan5__8Pd5N2vl_OLC19drHnumqfz23A9lI_mej69Gz2-v_l0dxOqs5Yf_fLMK695uTbmTJLnjbGK3XJ0_DE--xKM5-XpeLw9vZqcXk4xOlvHGKUJrcfu9DF8ieSw53rZfxtbs10O-0__1PGyI0sbS922n1WH_TvSAX4Wr-Gg0kbeOwxOJ5ens9d58p6fysx4_NS5yUP8Gl_h3-My-6WfjOVGqM6FRtRGGyuc8oIaxpYrgdI6lp59sIJq1SknVbsRrJUfiDdeUSOCF4pk0MoJsjLEUySF46Zjmy0OxCW3TK1YU5CqCk40SpAXXrVS1ciK2AIjlm00-tYSO8YcXNeqwQiBfQ7OG9isRauqrVizLQsw6KODH1uUAP6iVdYaLlTZa4O32Ig07lRNA_EhuA7elHMsKk0Y-XTKWPwEiaCBZcluID6pHTWw1CqnhVaboClerljap0mwNU7Ae0rYIbQu6J1qyZajA3FjbKVyRr8EuOSAPRYOOF12E3hwKBHKvy9RaJ1_0lzvV2vu_DYvD_OMarVq-UPc9h6c5CMwzK7zFkSl_NO_rdbkqcwCPYvr-MPCP5A05rCYfB1J16ZliZs0jamNWFsARWlNpXi45E7t2FqKNTaqBYi4pAroArIikvLebhuZa0nsyKpwXAo4WHOEGs5ntJJWyGYj7Na0MieTBDsgKcejIg5rxb1ttpQKhewXaGQ7xqJWDNhEMBVcxX11xPiOtZDBuoirjPW4BGCoRIUCGghAji4tmhZBeviGC1MrIwhfkRoUYqnFzyEmJzwHOreqAUYBdPiS4JtHYBJeHhOvEEjLLXkkwKoYzfFZBBmttrJELzrjAuNO4GI8HS_RAeaUEbsnIyIdiO_gjvuMpIuRfMb-HW-VTDi-suSObgzrh2DbdKmcqugzUvbYSvbMYaMIFbostcun9qnbW0NyercxyiJIUL6EgDpXtATkTE06htMf3gXdBQ9pPviJtRc7o4PvovvrADNoHV7hzg0FGyUM8JEyNA5yFZMFzkR9eQtRQZbZfQksGpMCSPWsVAU1CU2-bNK8VOyd8sRx0mPS5It_A_Se8WQz_Tq9byMOMyEFIGhiJroExirTrqENgAPCIKlkUW0VZbwxMW2JEQSIRRBYVceaxj4QyZ15ulZtMtQnNGtjz6SC6KLtmtC0ItGL-pf2UuqSZJ8O5NtDBhJMLBGyO4jzAce5UIWXTRJ0oYFb-NtLfRGqPUJKID19Dg1NE_qkAtMeEUmtYmJcZPZVsFSpmISsOi1aQYIJYodoKY66BE-pgaV-spfRvlmVltpLYupzaFAAbpKqfS-OmOfUZfDb5Y6dNQdHEN8hj9FPrxU6PQewPSlGrnaSmr5OFAvtvcp9MamSP2pqJbrjJB4om4PYd_iCmRRQSsQhU_su-yVyNCKgIed68SHZa4iIvO7vlcWtv3hpRP8z0j0_eUPd3zacAQYO2VxpJtviffgfX3iTz5P7xdeJWyyKYvEby4fTYZOe3I7NKj_AMcRLc7uq2UmrOq9MuzzbmJXG-2JFeKfzY6dsGp68GM1Hw_PRbDEcDuYX8-FiNv79z78AKCZZKw:1l0pTx:84BlaWgBHWN1YwTrtIoOLlWzVuGsuSkDNgGo3IDZ-Bg", "expire_date": "2021-01-30T17:35:25.779Z"}}]